가격,경락가평균가격,반입량,유가 전국평균가격,유무,최저기온(°C),최고기온(°C),일강수량(mm),도매가격
2100,1402.55,545000,1501.224706,0,1,8.9,0,1350
2349.512195,1291.05,735000,1503.653529,0,-0.1,7.3,0,1300
2384.666667,1086.05,615000,1509.990588,0,-3.1,4.3,0,1150
2333.333333,968.7,559000,1513.195882,0,-9.4,1.5,0,1050
2412.142857,940.2,524000,1514.122941,1,-6.1,1,0,1000
2147.317073,970.55,526000,1516.724706,1,-8.9,4,0,900
2325,1024.85,752000,1517.867059,1,-3,2.8,0,1000
2277.75,1043.35,780000,1518.253529,1,-4.9,4.7,0,1100
2500,978.85,945000,1518.551176,1,-7.8,-1.4,4,1100
2258.04878,948.25,849000,1519.328824,1,-12.6,-4.1,0,1000
2249.02439,1161.05,396000,1521.831765,0,-9.2,3.3,0,1150
2212,1004.45,819000,1521.990588,0,-4.4,2.6,0,1000
2000,925.9,562000,1522.104706,0,-4.9,0.6,0,1000
2214.390244,839.65,667000,1521.932941,0,-7.1,-2.1,0,900
2149.111111,891.25,631000,1521.700588,0,-5.4,6.1,0,950
2166.666667,888.55,458000,1521.428824,0,-3.9,8,0,950
2128.292683,855.65,670000,1521.599412,0,-1.9,10.3,0,900
2079.130435,787.65,674000,1521.327059,0,-5.2,5.4,0.5,900
2333.333333,790.4,360000,1521.289412,0,-0.9,2.9,5.1,850
2033.571429,764.05,528000,1521.133529,0,-4.2,2.1,0,850
1500,1014.25,438000,1519.703529,0,-1.8,10.7,0,900
1906.744186,893.95,615000,1518.941765,0,-1.1,6.6,0.5,950
1949.111111,780.6,921000,1518.135882,0,-2.8,4,0,850
2125,742.3,651000,1517.208235,0,-5.3,5,0,800
1850.769231,710.95,726000,1516.768235,0,-2.7,10.7,0,750
1849.111111,735.9,548000,1515.093529,0,1.5,12.2,0,750
1700,818.3,608000,1513.642941,0,0.4,13.3,0,800
1835.238095,782,737000,1512.722353,0,1,13.4,0,850
1808.372093,799.15,645000,1509.745882,0,6,15.5,0,800
1450,827.45,673000,1506.044118,0,1.9,14.1,0,800
1810,887.55,440000,1504.471176,0,5.1,15,0,800
1759.318182,898.55,536000,1500.792941,0,4.4,10.9,0.4,900
1500,914.05,568000,1497.931765,0,4.7,14.4,0,950
1750,829.5,739000,1496.858235,0,4.1,17.1,0,850
1815.434783,730,572000,1493.27,0,4.3,19.2,0,800
1325,705.35,569000,1491.608824,0,10.8,14.2,37.5,750
1819.487179,825.5,340000,1491.219412,0,9.4,12.4,3,750
1740,815.75,658000,1490.020588,0,10.1,23.3,0,800
1550,792.85,606000,1490.368824,0,8.8,16.4,0,800
1771.538462,759.3,468000,1490.369412,0,6.3,19.6,0,800
1620.47619,644.45,528000,1490.545882,0,11.2,18,5.5,750
1250,720.4,462000,1491.431765,0,7,18.4,0,750
1719.74359,824.15,460000,1491.553529,0,9.9,18.2,0.1,800
1492.25,652.05,602000,1491.510588,0,8.3,21.3,0,700
1500,884.85,442000,1491.012353,0,10.5,20.2,0,800
2226.666667,804.2,534000,1490.995882,0,7.9,19.8,0,850
1594.634146,998.6,441000,1489.578235,0,14.8,27.5,0,950
1626.388889,899.25,642000,1488.822941,0,11.1,23.5,0,850
1550,863,440000,1487.697059,0,14.2,20.8,2.5,850
1707,903.15,401000,1486.989412,0,13.1,24.8,0,900
1648.863636,792.25,737000,1484.651765,0,12.3,20.1,0,900
1733.333333,743.3,641000,1483.654118,0,12.3,25.9,0,900
1666.666667,725.7,652000,1483.238824,0,13.9,26.9,0,900
1000,735.4,497000,1482.728824,0,15.1,27.9,0,800
1569.318182,803.3,578000,1481.751176,0,15.9,28,0,850
1700,725.8,637000,1481.171765,0,16.9,27.8,0.1,850
1675.75,725,419000,1480.85,0,14.4,24.4,0,700
1720,779.65,613000,1479.913529,0,18.1,29.3,0,600
1570.238095,707.85,432000,1478.347059,0,20,27,0,650
1634.347826,692.45,552000,1476.409412,0,16.4,30.3,0,650
1525,654.1,455000,1475.170588,0,15.1,19.2,12.5,700
1664.146341,622.8,437000,1474.280588,0,15.1,25.9,0,700
1627.906977,591.7,579000,1470.221176,0,17,28,0,600
1766.666667,422.2,525000,1467.285294,0,17.8,26.8,0,550
1572.142857,467.05,368000,1466.062941,0,18,29.6,0,550
1547.619048,590.05,344000,1461.74,0,19.5,30.2,0,600
1750,581.5,510000,1460.205882,0,20,32.7,0,650
1300,474.55,624000,1457.785882,0,21.7,31.6,0,550
1559.5,462.3,497000,1455.996471,0,21.2,30.4,0,550
1438.333333,472.05,427000,1451.522941,0,20.1,29.9,29,550
1200,448.85,521000,1447.31,0,21.9,31.5,0,550
1514.347826,683.95,470000,1443.792941,0,21.9,27.4,67.5,650
1580,468.95,465000,1442.576471,0,23.3,32.6,0,550
1511.025641,379.95,542000,1442.205294,0,23.9,34.6,34,500
1551.162791,541.15,595000,1441.313529,0,22.6,25.4,144.5,600
1450,607.65,480000,1442.229412,0,24.9,31.1,0,650
1621.842105,652.65,439000,1442.122353,0,23.1,32.1,0,600
1627.272727,787.8,450000,1441.802353,0,24,29,7.5,700
1720,864.15,472000,1441.568824,0,24.5,34.1,0,750
1674.5,785.85,620000,1441.628824,0,26,34.9,0,700
1782.954545,1400.75,265000,1441.315294,0,25.6,27.3,3,950
1566.666667,1275.4,390000,1441.645294,0,24.2,32.8,0,1000
1983.684211,1178.45,565000,1441.87,0,24.9,29.7,3.5,1000
1766.666667,865.35,693000,1442.749412,0,24.8,27.1,3.5,1000
1500,1073.2,404000,1443.288824,0,24.1,33,2,1000
2166.666667,1127.1,471000,1443.725294,0,26.6,33,0,1000
2153.095238,1091.6,571000,1444.203529,0,27.2,33.9,0,1000
2127.826087,979.35,714000,1446.622353,0,26.4,34.4,0,1000
2150,1192.55,619000,1451.181765,0,24.6,32,2.5,1000
2122.682927,1139.9,559000,1452.776471,0,23.9,26.3,5.5,1000
2142.045455,1142.65,694000,1455.447647,0,23.1,27.1,1.5,1100
1933.333333,1151.7,430000,1458.12,0,20.5,26.8,2,1100
2178.095238,1177.4,461000,1459.172353,0,21.2,27.7,0.5,1100
2190.909091,1345,418000,1461.038824,0,23.7,29.2,5,1100
2533.333333,991.2,790000,1461.937647,0,24.6,30.2,31.5,1000
2291.190476,1143.35,450000,1462.425882,0,23.9,28.1,14,1000
2291.777778,1115.15,530000,1464.852941,0,18.3,26.5,9,1100
2219.512195,1210.8,476000,1469.580588,0,19.7,30.1,0,1050
2366.666667,997.15,740000,1471.707059,0,18.5,24,2,1000
2242.5,990.95,634000,1472.686471,0,17.8,27.5,0,900
2263.636364,907.2,692000,1477.903529,0,18.6,24.6,24,900
2275,840.75,931000,1481.916471,0,15.9,27.5,0,900
2323.076923,876.55,746000,1483.385882,0,14.8,29.5,0,900
2213.636364,775.6,744000,1488.885294,1,16.4,27.6,0,850
1750,724.45,684000,1490.978235,1,14.1,24.9,0,750
2194.883721,694.15,771000,1492.266471,1,14.2,27,0,750
2181.395349,673.45,826000,1495.514118,1,17.4,30.1,0,700
2000,715.8,655000,1498.655882,1,14.2,25.3,0,650
2016.666667,592.35,619000,1508.294706,0,12.2,21.7,20,700
1886.666667,550.25,462000,1508.542941,0,8.8,18.4,0,600
1747.142857,431.75,592000,1509.992941,0,13.6,22,0,450
1750,360.6,650000,1510.562941,0,14.2,19.1,0.1,400
1618.571429,367.2,624000,1510.817059,0,11.9,23.2,0,400
1465.434783,363.3,671000,1511.344118,0,8.6,20.6,0,400
1460,374.55,591000,1511.678824,0,9.5,20.6,0,400
1390,387.65,565000,1511.817647,0,10.7,18.1,0,400
1750,345.65,658000,1512.338235,0,2.5,13.2,0,400
1250,414.45,517000,1513.827059,0,11.5,18.1,0,400
1299.52381,422.45,571000,1514.204118,0,14,18,1,400
1279.5,418.25,952000,1515.625882,0,8,16.5,0,450
1500,463.75,735000,1518.892941,0,6.9,17.2,0,500
1243.72093,411.15,816000,1520.027647,0,3.7,16.8,0,450
1273.478261,455.25,1080000,1524.121176,0,3.1,11.8,4.5,400
1333.333333,429.05,718000,1527.130588,0,-1.1,6.5,0,400
1320.232558,436.2,856000,1527.99,0,-3.4,6.4,0,400
1318.636364,465.75,1167000,1531.093529,0,-3.9,4.2,0,400
1360,471.3,937000,1532.579412,0,0.6,10.8,0.5,450
1350.487805,467.05,952000,1533.154706,0,-2.5,4.7,1.2,450
1328.181818,482.5,1109000,1536.048824,0,-2.9,9.5,0,450
1000,508.05,797000,1539.154706,0,-5.2,2.7,0,450
1282.727273,546.5,660000,1541.797059,0,-6.1,4.5,0.1,400
1233.333333,562.3,453000,1541.694118,0,-4.5,6,1.2,400
1288.837209,613.05,469000,1542.143529,0,-3.5,4.6,0,450
1267.826087,579.95,646000,1542.984706,0,-11,-2.5,0,500
1450,590.4,388000,1543.481176,0,-12,-4.4,0,500
1325.5,521.65,528000,1543.918824,0,-11.2,-1.9,0,500
1407.619048,587.8,556000,1545.054706,0,-5.9,3.3,3.4,500
1395,587.55,596000,1545.658824,0,-8.5,-0.1,0.2,500
1432.954545,545.5,691000,1545.855882,0,-5.6,4.6,0,500
1000,442.1,378000,1547.199412,0,-10.3,-2.6,0,500
1300,456,411000,1547.448235,0,-6.8,0.8,0,500
2000,572,735000,1548.693529,0,-7.1,-0.4,0,540
1439.772727,537.05,698000,1549.041765,0,-8.7,-0.7,0,540
1423.181818,530.35,555000,1551.711176,0,-1.2,4,0.9,495
1450,508.8,543000,1552.397059,0,-10.3,-4.8,0.3,500
1457.142857,468.1,517000,1552.952353,0,-13.6,-7.4,0,500
1408.409091,478.1,717000,1554.865294,0,1.8,7.7,0.2,500
1125,513.3,393000,1556.395882,0,2.4,8.7,0,500
1426.190476,523.95,340000,1556.989412,0,0.3,4.5,0,500
1422.666667,510.5,744000,1558.942941,0,-5.3,4,3.3,450
1333.333333,468.4,522000,1560.145294,0,-16.3,-10.7,0,450
1477.906977,446.95,424000,1560.698824,0,-16.4,-9.5,0,450
1685.714286,773.95,264000,1562.812941,0,-11.6,-4.7,0,500
1678.571429,920.2,497000,1566.165882,1,-8.8,1.2,0,700
1811.136364,1471.2,689000,1567.852941,1,-11.8,-5.1,0,1000
1630,1907.35,721000,1568.986471,1,-13.4,-1.6,0,1250
2053.023256,1391.15,765000,1569.432941,1,-9.7,2,0,1100
2202.727273,1330,675000,1570.014706,1,-9.6,-1.8,0,900
2165.909091,1681.2,283000,1570.397059,0,-1.9,6.8,0,850
2275,1721.15,422000,1569.527647,0,-4.5,4.4,0,850
2154.255814,1609.65,485000,1568.594118,0,-3.9,5.4,0.4,850
2086,1020.8,509000,1568.036471,0,-3.2,10.4,0,850
2273.636364,1264.3,936000,1566.250588,0,1.3,11.4,3.5,900
3200,1240.7,569000,1565.831176,0,2.2,10.7,0.5,900
2435.348837,1187.55,565000,1565.486471,0,2.7,9.7,4,900
2304.545455,1048.15,460000,1563.786471,0,2.2,15.5,0,850
2000,1033.65,553000,1563.245882,0,5.2,18.8,0,850
2400,1004.85,466000,1562.422353,0,13.6,22.1,0,850
2225.853659,1164.9,361000,1561.766471,0,8.4,16.6,27,900
2136.086957,1263.45,359000,1559.556471,0,6.2,10.4,1,900
2100,1189.25,511000,1557.416471,0,1.1,5.3,1,900
2278.5,1181.7,412000,1556.770588,0,0.6,11.6,0,1000
2163.777778,1159.25,377000,1555.411765,0,5.3,18.1,0,1000
2500,1044,499000,1554.667059,0,11.8,21.1,0,900
2126.744186,1039.35,496000,1553.025882,0,14.9,23.7,0,900
2180,927.45,407000,1552.744118,0,9.5,18.2,18.5,850
2214.878049,987.3,373000,1552.547647,0,6.7,9.5,10.5,850
2170.217391,1235.7,558000,1551.818824,0,0.1,15.4,0,950
2375,1070,589000,1551.319412,0,8.7,17.3,0,950
2127.142857,984.35,510000,1551.232941,0,6.8,19.6,0,850
2190,1287.45,460000,1551.165882,0,4.9,18.8,0,850
2083.333333,1378.9,382000,1551.464118,0,6.2,19.3,0,1000
2204,1250.1,478000,1551.769412,0,7.4,20.5,0,1050
2254.545455,1233.95,426000,1552.73,0,8.4,10.7,59,1050
2437.5,1330,341000,1553.762353,0,5.7,23.3,0,1100
2288.157895,1358,406000,1554.294118,0,10,22.1,0,1100
2500,1396.65,518000,1557.09,0,14.1,25,0,1100
2600,1414.85,383000,1560.635294,0,8.7,19.7,12,1200
2430.25,1408.55,488000,1561.589412,0,6.9,14.7,1,1200
2100,1364.95,474000,1567.827059,0,9.2,21.8,0,1200
2515.365854,1320.25,462000,1569.817059,0,11.3,21.4,0,1200
2504.761905,1419.45,446000,1577.072941,0,11.9,24.5,0,1200
2750,1531,611000,1581.952353,0,21.8,24.4,45,1275
2498.333333,1377.35,604000,1583.533529,0,18.8,23.5,83,1225
2465.454545,1003.5,728000,1589.594118,0,11.3,23.7,0,1025
2550,875.85,508000,1594.019412,0,13.6,23.3,6.5,900
2305.909091,721.55,651000,1597.194118,0,11.2,23.7,0,875
2179.545455,904.6,457000,1604.887059,0,16.2,29.1,0,900
2000,716.25,594000,1609.278824,0,14.2,27.6,0,900
2095,708,648000,1611.231765,0,18.9,27.5,0,650
1954.5,742.35,488000,1612.051176,0,17.8,29.4,0,700
2044.545455,669.1,537000,1612.066471,0,18,23.9,5,700
1826.27907,573.1,530000,1611.703529,0,18.8,25.1,29,650
1886.363636,638.8,467000,1611.061176,0,19.9,30.8,0,650
2000,619.55,495000,1610.726471,0,19.1,28.4,0,650
1800.697674,522.6,614000,1610.409412,0,19.4,28.7,0,650
1846.444444,565.65,439000,1609.894118,0,21.3,32.9,0,650
2500,768.55,435000,1609.037059,0,19.1,25.5,1,750
1766.666667,682.05,521000,1608.947059,0,20.6,27.3,26.5,750
1908.888889,771.9,497000,1609.096471,0,20.6,25.3,59.5,750
1620,580.2,479000,1609.789412,0,24,31.8,0,700
1845.365854,593.4,428000,1609.952941,0,23.4,29,0.5,650
1870.454545,634.1,698000,1610.612353,0,20.1,24.2,14,600
1900,838.3,429000,1611.307647,0,24.4,29.5,3,750
1997.272727,782.1,473000,1611.649412,0,25.1,28.2,1,800
1976.818182,847.1,530000,1612.378235,0,24,34,0,900
2266.666667,997.35,513000,1612.915294,0,23.7,33.2,0,900
2099.534884,907.55,490000,1612.994706,0,23.2,34.1,0,900
2159.756098,881.7,620000,1613.119412,0,29.2,35.7,0,850
2400,1202.85,412000,1613.332941,0,27.7,34.1,0,850
2220.512821,1293.3,462000,1613.482941,0,27.3,33.7,0,1050
2825,1285.9,563000,1615.500588,0,27.8,39.6,0,1250
2509,1437.1,507000,1615.896471,0,30.3,37.9,0,1250
2566.428571,1524.65,516000,1616.788235,0,28.3,35.3,6.5,1250
2163.333333,1591.75,449000,1618.535882,0,27.6,35.3,0,1300
2685.909091,1368.2,657000,1618.821765,0,27.1,32.5,2,1300
2952.272727,1275.65,543000,1619.634118,0,26.7,34.4,1,1250
2944.444444,1097.6,608000,1620.545882,0,24.1,35.6,0,1200
3004.878049,1203.35,628000,1620.902941,0,25.1,33.3,0,1150
3000,1520.45,402000,1621.15,0,23.4,37.6,0,1350
3181.219512,1883.8,459000,1621.335882,0,25.7,32.2,3,1500
3440.47619,1536.75,825000,1621.582941,0,20.2,24.9,19.5,1350
3000,1353.5,736000,1622.305294,0,23.9,28.2,9.5,1300
3315.116279,1314.15,717000,1623.992941,0,21.4,25.8,34.5,1200
3400,1262.3,706000,1625.735294,0,19.6,28.5,0,1300
3181.282051,1359.55,755000,1626.947059,0,20.9,28.2,1,1300
3209.02439,1337.25,740000,1630.599412,1,18.6,28.4,0,1250
3000,1355.35,672000,1634.394706,1,16.8,28.2,0,1250
3131.463415,1391.35,774000,1636.25,1,20.3,28.3,0,1250
3192.307692,1292.3,958000,1642.107059,1,18.5,27.7,0.1,1250
3000,1335.45,1021000,1645.336471,1,18.9,26.6,0.2,1250
3071.818182,1465.9,795000,1646.914706,1,17.8,20.1,5,1250
3780,1431.05,964000,1654.052353,0,13.2,25,0,1350
2916.190476,922.9,780000,1659.768824,0,13,19.7,0,1050
2662.5,891.15,535000,1667.322353,0,13,25.6,0,900
2776.470588,946.45,842000,1675.608235,0,9.2,20.9,0,1000
2625,749.45,534000,1680.127059,0,7.9,16.7,7,900
2430.97561,791.3,524000,1682.752353,0,6.1,13.9,0,850
2463.829787,659.6,786000,1687.965882,0,10.9,21,0,700
2500,690.05,699000,1690.647647,0,8.4,18.6,0,650
2340.243902,671.35,681000,1691.438824,0,7.5,19,0,700
2102,506.55,1061000,1692.778824,0,8.8,20.6,0,650
2166.666667,518.95,755000,1692.197059,0,7.6,18.7,0,650
2001.75,465.45,876000,1692.230588,0,7,21.2,0,600
1372.5,592.65,710000,1692.198824,0,3.4,11.7,0,600
1833.333333,536.75,881000,1692.507647,0,0.7,11.6,0,575
1738.571429,430,941000,1692.723529,0,2.5,15.2,0,500
1656.818182,417.55,961000,1692.826471,0,6.6,18.3,0,500
1572.5,435,880000,1638.210588,0,10.3,15.7,2,450
1663.809524,446.2,566000,1613.209412,0,10.5,14.7,64,500
1559.069767,423.6,1327000,1581.186471,0,3.1,15.1,0,500
1095,375.15,943000,1569.548824,0,4.8,16.6,0,450
1491.363636,332.35,1077000,1565.039412,0,4.7,16.2,0,450
1546.590909,352.1,1168000,1552.272941,0,3.3,11.3,0,350
1900,373.75,866000,1540.980588,0,3.1,8.2,1,350
1532.55814,351.55,935000,1536.385882,0,-1.3,7.1,0,350
1437.5,388.65,950000,1523.196471,0,1.6,13.6,0,400
1473.076923,389.15,1009000,1488.683529,0,9.3,13.5,9.5,400
1500,443.15,561000,1477.166471,0,-4.3,3.4,0,400
1382.195122,426.1,759000,1472.104706,0,-1,6.8,0,400
1492.857143,493.65,404000,1457.941765,0,-8.1,4.6,0,400
1400,511.5,507000,1453.161765,0,-2.4,2.9,0,400
1475,498,545000,1448.236471,0,-5,2.4,0,400
1483.333333,461.2,820000,1443.953529,0,-5.9,2.1,1.3,350
1506.25,366.45,600000,1432.482353,0,-1.5,5.9,0.3,400
945,419,544000,1422.807647,0,1.3,9.5,0,400
1477.5,407,662000,1417.509412,0,-1.1,10.4,0,375
1501.190476,464.15,461000,1401.746471,0,-5.9,3.1,0,375
1350,414.45,575000,1394.003529,0,-7.1,3,0,375
1483.783784,422.9,563000,1389.395882,0,-12.5,-6.5,0,400
1700,443.1,306000,1380.330588,0,-10.5,-0.5,0,400
1485,473,628000,1368.434706,0,-8.4,3.2,0,450
1462.857143,416.15,1029000,1357.576471,0,-6.2,3.1,0,450
1122.5,351.85,699000,1353.035882,0,-9.4,1.3,0,400
1453.809524,350,555000,1351.759412,0,-4.5,3,0,400
1349.772727,397.5,484000,1349.209412,0,-2.4,5.3,0,400
1431.666667,417,606000,1348.107647,0,-10.1,-1.1,0,400
1354.5,417.25,621000,1347.602941,0,-3.2,4,0,400
1311.25,415.3,689000,1346.448824,1,-6.7,4.2,0,450
1522.5,456.1,624000,1347.402941,1,-0.8,7,0,450
1317.674419,503,639000,1347.468235,1,-4.6,6.5,0,450
1333.658537,403.1,759000,1347.258235,1,-2.4,4.5,0,450
1000,502.1,527000,1346.780588,1,-6.2,2.3,0,450
1327.5,491.85,410000,1345.051765,0,-7.5,2,0,450
1374,574.8,477000,1344.372941,0,-5.7,2.5,0,450
1315.238095,512.9,682000,1344.121765,0,-5.9,6.3,0,400
1281.25,427.55,713000,1344.588235,0,-4.7,5.9,0,400
1140,511.9,425000,1344.267647,0,-0.1,4.5,0,450
1347.297297,490.75,415000,1344.154706,0,-2.6,9,0,450
1240.238095,474.95,534000,1345.702353,0,1.3,10.2,0,450
1200,484.2,506000,1346.911176,0,4.7,14,0,425
1281.25,479,575000,1350.254118,0,5,16.3,0,450
1500,470.9,538000,1351.511176,0,5.7,12.4,0,450
1225.609756,470.15,566000,1352.475882,0,3.1,12.7,0,450
1218.181818,445.1,501000,1358.56,0,3.5,10,0,400
1330,479.4,379000,1362.931176,0,-0.4,8.5,0,450
1197,451.95,498000,1365.194118,0,-1.7,10,0,450
1195,438.05,537000,1374.557059,0,1.4,14.4,0,400
1334,412.7,576000,1379.482353,0,7.1,14.6,16.5,400
1205.5,393.45,450000,1381.162353,0,1.9,11.1,3.3,400
1198.837209,370,452000,1387.786471,0,2.9,11.5,0,400
1780,402.6,448000,1391.320588,0,8.9,16.2,0,400
990,400.2,488000,1392.674706,0,5.6,14.6,0,400
1218.604651,441.25,513000,1397.027647,0,0.3,11.3,0,425
1200,453.45,589000,1402.02,0,1.9,13.6,0,450
1153.75,384.75,724000,1403.560588,0,3,15.7,0,400
1196.585366,360.6,528000,1408.534706,0,7.6,17.2,0,400
1350,411.05,410000,1411.997059,0,4.7,10.2,5.6,400
1178.333333,431.5,396000,1413.900588,0,4.3,15.7,0,450
1192.5,473,644000,1423.14,0,3.9,18.1,0,500
1225,436.7,655000,1429.481176,0,9.1,21.8,0,450
1170,434.6,508000,1431.676471,0,10.4,16.2,0,450
1192.105263,446.4,453000,1441.106471,0,10.7,28.2,0,450
1325,580.4,384000,1447.392941,0,15.8,25.9,4.1,500
1121.219512,547.2,527000,1450.007647,0,9.4,17.2,11.3,450
1675,501,520000,1514.663529,0,10.1,21.3,0,500
1282.142857,512.3,433000,1519.521765,0,11.7,22.9,0,500
1283.913043,499.4,578000,1526.652941,0,15.5,22.8,0,500
1500,517.85,432000,1528.705882,0,14.8,28,0,500
1306.046512,506.35,478000,1529.702353,0,16.7,30,0,500
1340.25,491.6,724000,1533.332941,0,13,20.2,8.7,500
1520,483.8,575000,1535.721765,0,12.3,26.5,0,425
1199.444444,484.75,608000,1536.421176,0,15,29.2,0,425
1362.631579,527.45,555000,1537.763529,0,14.3,22.3,7.1,475
1368.571429,490.05,483000,1539.378824,0,16,29.5,0,400
1400,550.9,440000,1538.246471,0,17.6,29,0,450
1435,528.65,402000,1536.805294,0,17.8,29.6,0,450
1380,546.95,597000,1532.475882,0,15.7,21.9,9.5,500
1660,574.7,669000,1528.193529,0,16.1,26.4,0,450
1341.219512,580.6,505000,1525.610588,0,16.6,28.8,0,450
1394.761905,669.05,414000,1515.622941,0,18.1,26.2,0,450
1410,766.95,484000,1509.98,0,18.9,25.4,0.2,450
1405.263158,587.9,483000,1507.771765,0,19.8,27.8,0,450
1388.043478,596.25,371000,1501.416471,0,20.9,30.9,0,475
1365,459.35,471000,1499.132353,0,20.7,29.5,0,450
1390,506.8,421000,1498.384706,0,21.9,31.2,1.4,500
1365.277778,503.75,548000,1496.869412,0,20.6,28.9,0,450
1283.333333,466.7,556000,1495.254118,0,21.2,27.4,0,450
1342.894737,438.3,401000,1494.346471,0,20,32.8,0,450
1321.956522,482.15,419000,1492.320588,0,21.2,31,0,500
1500,559.8,450000,1491.404706,0,19.3,27.3,8.5,500
1382.682927,722.4,347000,1491.126471,0,19.5,25.9,2.9,650
1402.325581,452.1,611000,1491.085294,0,22.1,27.4,7.7,450
1616,541.1,389000,1491.281176,0,22.3,29.2,0.7,450
1355.75,538.6,549000,1491.280588,0,23.3,32.1,0,450
1387.837838,501.3,410000,1491.216471,0,24.2,31,0.1,500
1611.428571,401.7,518000,1491.121765,0,25.2,27.2,1,400
1398.108108,361.85,507000,1491.498235,0,25.6,27.4,9.7,400
1297.5,420.5,435000,1492.445294,0,25.6,30,0.5,425
1513.333333,387.45,481000,1495.158824,0,23.5,30.1,26.9,400
1555.128205,434.15,672000,1496.301765,0,25.6,35.9,0,450
1700,415.05,588000,1496.458824,0,23.9,30.3,8,450
1506.097561,407.8,382000,1496.35,0,25.9,32.7,0,450
1512.045455,486.5,500000,1495.954118,0,24.8,28.5,56.2,500
1580,401.7,508000,1495.915294,0,25.9,35.7,0,450
1460.97561,512.6,588000,1495.740588,0,21.2,31.3,0,500
1640,561.2,558000,1495.672941,0,24.4,30.4,1.3,500
1491.578947,640.55,473000,1495.862941,0,23,31.4,0,550
1469.767442,505,623000,1496.611176,0,21.5,32.1,0,500
1300,559.05,507000,1496.802941,0,22.2,29.3,20,500
1579.285714,550.3,849000,1517.828235,1,19.4,29.7,0,550
1675,805.25,642000,1522.688824,1,21.2,25.5,22.7,650
1662.75,863,690000,1523.36,1,21.5,27.6,36.4,750
1200,662,884000,1525.128235,1,21.6,29.1,2.4,700
1738.095238,657.3,1156000,1525.898235,1,22.4,28,0,650
1868.571429,684.05,946000,1527.133529,1,20.4,28.7,7.6,650
1751.25,603.65,827000,1529.5,0,20.7,30.5,0,600
1896,653.35,528000,1534.947647,0,16,25.4,0,600
1666.585366,627.3,592000,1536.792941,0,13.6,26,0,600
1830,683.45,714000,1543.948235,0,14.8,27.4,0,700
1787,649.5,708000,1544.914706,0,17.7,29,0,700
1958.333333,993.7,609000,1546.784706,0,20,24.2,23.1,950
2202.439024,1030.45,695000,1546.269412,0,13.3,17.9,25.4,1050
2059.047619,976.35,493000,1545.622941,0,10.7,19.8,0,1000
2365.909091,973.75,598000,1544.849412,0,9.5,19.6,0,950
2340.47619,993.9,624000,1543.879412,0,11.2,21.6,0,1050
2394.545455,1079.7,587000,1540.942353,0,10.9,24.6,0,1050
2313.636364,1170.3,507000,1539.597647,0,15.3,23.8,0,1100
2499.318182,1109.5,494000,1538.857647,0,7.4,17.7,1.7,1050
2369.130435,972,754000,1537.081176,0,9.2,20.3,0,1000
2327.826087,1051.35,711000,1536.009412,0,5,13.6,0,1000
2173.478261,937.35,882000,1535.866471,0,7.9,15.1,1.1,1000
2280,1044.85,652000,1536.118824,0,-2.5,5,0,1000
2172.272727,1127.65,930000,1536.788824,0,0.4,12.7,14.7,1050
2179.555556,1042.85,711000,1536.718235,0,-2.3,9,0,1000
2232.173913,997.7,963000,1537.781176,0,-1.2,6,0,1000
2175.217391,1098.6,615000,1540.088824,0,-3.2,2.8,0,1050
2162.608696,1146.45,603000,1542.305294,0,-8.5,-0.2,0,1100
2416.956522,1433.05,606000,1547.332941,0,-3.5,3.4,0,1350
2445.217391,1462.25,450000,1550.114118,0,2.1,12.9,0,1300
2451.73913,1511.1,486000,1552.367647,0,-4.5,3.1,0,1300
2616.956522,1463.3,567000,1554.715882,0,0.3,5.2,2.9,1350
2706.086957,1475.2,885000,1566.440588,0,0.6,4.6,1.8,1325
2693.043478,1123.45,769000,1571.715882,1,-3.1,2,0,1100
2739.111111,1075.05,812000,1574.373529,1,-4.7,0.2,0,1150
2653.913043,1121.4,704000,1574.677059,1,-5.5,3.2,0,1150
2785.909091,910.7,868000,1574.3,1,-3.3,5.5,0,1000
2652.444444,1130.35,682000,1573.874118,1,0,9.9,0,1000
3500,847.5,587000,1571.464118,0,1.4,10.4,0,900
1466.304348,486.4,694000,1362.414118,0,2.9,16.1,0,500
1398.478261,424.75,461000,1345.768235,0,4.3,14.7,0,450
1381.521739,552.45,473000,1333.897647,0,4.3,20.4,0,500
1394.347826,512.1,697000,1319.438235,0,8.9,23.8,0,600
1398.913043,571.05,473000,1303.947647,0,7.6,13.1,0.1,550
1453.26087,541.85,535000,1289.748235,0,2.9,12.8,0,550
1410.697674,570.5,602000,1277.141176,0,8.7,18.3,0,550
1442.045455,585.35,541000,1259.522941,0,14.8,25.3,0,550
1475,574.75,492000,1252.248824,0,14.9,26.5,0,600
1396.73913,509.95,700000,1248.477059,0,12.4,22,3.4,550
1392.391304,488.95,613000,1246.158235,0,12.4,25.4,0,475
1360,530.8,684000,1246.87,0,13.2,26.8,29.8,450
1388,503.65,596000,1249.078235,0,10.9,22.9,0,450
1440.217391,564.25,597000,1254.046471,0,13.7,21.3,0,475
1533.043478,714,505000,1274.195294,0,16.6,24.5,0.4,625
1460.952381,616.15,504000,1282.792941,0,19.7,26.5,0.2,575
1380.909091,639.75,510000,1299.969412,0,19.8,32,0,600
1250,662.35,397000,1308.441176,0,20.3,32.8,0,625
1499.02439,670.9,449000,1319.019412,0,21.7,31.6,0,625
1569,753.95,581000,1329.1,0,18.2,28.6,0,725
1635.454545,683.4,475000,1336.982941,0,20.3,27.3,0,675
1702.978723,592.1,541000,1345.127059,0,21.7,35.4,0,600
1699.090909,855.2,417000,1350.654706,0,20.1,23.4,13.3,800
1745.777778,798.05,479000,1357.32,0,20.4,29.8,0,700
1740.869565,684.1,801000,1358.733529,0,21.8,30.9,0,650
1790.869565,737.45,366000,1359.524706,0,21.8,32.9,0,700
1837.727273,757.75,574000,1360.284706,0,17.7,21.7,47.6,750
1842.608696,738.75,501000,1360.537647,0,20.4,29.7,0,660
1851.363636,629.55,563000,1360.733529,0,22.4,26.6,3.6,600
1894.545455,647.2,474000,1360.58,0,18.5,22.6,103.1,630
1958.636364,637.75,727000,1360.542941,0,22.9,25.5,2.2,630
2096.818182,716.4,581000,1360.741765,0,23.9,26.3,102.6,610
2092.272727,711.75,347000,1360.546471,0,22.9,26,75.7,640
2323.043478,787.95,493000,1360.635294,0,24.7,29.5,44.6,750
2343.888889,641.4,838000,1360.564706,0,26.3,30.3,0,660
3136.086957,1299.95,625000,1352.665882,1,20.1,23.6,0,1210
3047.777778,1261.95,1103000,1349.525294,1,13.6,25.3,0,1150
3006.046512,1354.15,773000,1346.222941,1,16.8,25.4,0,1200
3363.555556,1486.35,732000,1339.743529,0,8.5,18.4,0,1350
3159.069767,1140.65,682000,1337.211765,0,12.1,23.1,0,1060
3002.325581,979.75,871000,1335.842941,0,12.1,21.3,0,730
3480,927.4,688000,1335.235294,0,8.6,18.4,0,725
2719.111111,943.35,689000,1334.1,0,6.5,18.5,0,830
2515.777778,813.9,925000,1332.626471,0,9.8,21.3,0,810
2375.238095,789.05,642000,1330.771765,0,8.4,18.2,0,785
2505.909091,692.6,720000,1329.245294,0,8,19,0,650
